<?xml version="1.0" encoding="UTF-8"?><rss version="2.0"
	xmlns:content="http://purl.org/rss/1.0/modules/content/"
	xmlns:dc="http://purl.org/dc/elements/1.1/"
	xmlns:atom="http://www.w3.org/2005/Atom"
	xmlns:sy="http://purl.org/rss/1.0/modules/syndication/"
	
	>
<channel>
	<title>
	Comments for ProWebs	</title>
	<atom:link href="https://prowebs.cf/comments/feed/" rel="self" type="application/rss+xml" />
	<link>https://prowebs.cf/</link>
	<description>Pro Webs Web Site</description>
	<lastBuildDate>Fri, 21 Jun 2019 05:09:21 +0000</lastBuildDate>
	<sy:updatePeriod>
	hourly	</sy:updatePeriod>
	<sy:updateFrequency>
	1	</sy:updateFrequency>
	<generator>https://wordpress.org/?v=5.2.2</generator>
			<item>
				<title>
				Comment on Hello world! by A WordPress Commenter				</title>
				<link>https://prowebs.cf/2019/06/21/hello-world/#comment-1</link>
		<dc:creator><![CDATA[A WordPress Commenter]]></dc:creator>
		<pubDate>Fri, 21 Jun 2019 05:09:21 +0000</pubDate>
		<guid isPermaLink="false">https://prowebs.cf/?p=1#comment-1</guid>
					<description><![CDATA[Hi, this is a comment.
To get started with moderating, editing, and deleting comments, please visit the Comments screen in the dashboard.
Commenter avatars come from &lt;a href=&quot;https://gravatar.com&quot;&gt;Gravatar&lt;/a&gt;.]]></description>
		<content:encoded><![CDATA[<p>Hi, this is a comment.<br />
To get started with moderating, editing, and deleting comments, please visit the Comments screen in the dashboard.<br />
Commenter avatars come from <a href="https://gravatar.com/">Gravatar</a>.</p>
]]></content:encoded>
						</item>
			</channel>
</rss>
