<?xml version="1.0" encoding="UTF-8"?><rss version="2.0"
	xmlns:content="http://purl.org/rss/1.0/modules/content/"
	xmlns:wfw="http://wellformedweb.org/CommentAPI/"
	xmlns:dc="http://purl.org/dc/elements/1.1/"
	xmlns:atom="http://www.w3.org/2005/Atom"
	xmlns:sy="http://purl.org/rss/1.0/modules/syndication/"
	xmlns:slash="http://purl.org/rss/1.0/modules/slash/"
	>

<channel>
	<title>ProWebs</title>
	<atom:link href="https://prowebs.cf/feed/" rel="self" type="application/rss+xml" />
	<link>https://prowebs.cf/</link>
	<description>Pro Webs Web Site</description>
	<lastBuildDate>Fri, 21 Jun 2019 05:09:21 +0000</lastBuildDate>
	<language>en-US</language>
	<sy:updatePeriod>
	hourly	</sy:updatePeriod>
	<sy:updateFrequency>
	1	</sy:updateFrequency>
	<generator>https://wordpress.org/?v=5.2.2</generator>

<image>
	<url>https://prowebs.cf/wp-content/uploads/2019/06/cropped-logo_transparent-32x32.png</url>
	<title>ProWebs</title>
	<link>https://prowebs.cf/</link>
	<width>32</width>
	<height>32</height>
</image> 
	<item>
		<title>Hello world!</title>
		<link>https://prowebs.cf/2019/06/21/hello-world/</link>
				<comments>https://prowebs.cf/2019/06/21/hello-world/#comments</comments>
				<pubDate>Fri, 21 Jun 2019 05:09:21 +0000</pubDate>
		<dc:creator><![CDATA[admin]]></dc:creator>
				<category><![CDATA[Uncategorized]]></category>

		<guid isPermaLink="false">https://prowebs.cf/?p=1</guid>
				<description><![CDATA[Welcome to WordPress. This is your first post. Edit or delete it, then start writing!]]></description>
								<content:encoded><![CDATA[
<p>Welcome to WordPress. This is your first post. Edit or delete it, then start writing!</p>
]]></content:encoded>
							<wfw:commentRss>https://prowebs.cf/2019/06/21/hello-world/feed/</wfw:commentRss>
		<slash:comments>1</slash:comments>
							</item>
	</channel>
</rss>
